rank,uri,artist_names,track_name,source,peak_rank,previous_rank,weeks_on_chart,streams
1,"spotify:track:4gzsuuZypVbxs0Af1LSZyB","Tainy, Bad Bunny, Julieta Venegas","Lo Siento BB:/ (with Bad Bunny & Julieta Venegas)","Neon16",1,1,19,"4337684"
2,"spotify:track:2JPLbjOn0wPCngEot2STUS","Bad Bunny","Yonaguni","Rimas Entertainment LLC",1,2,36,"3897240"
3,"spotify:track:6mmPpaltUZK7xjNlBPQQ0p","Rauw Alejandro, Chencho Corleone","Desesperados","Sony Music Latin/Duars Entertainment",3,3,9,"3538819"
4,"spotify:track:5TMLavqGRKNxgzMBrVpC9R","zzoilo, Aitana","Mon Amour - Remix","Universal Music Spain S.L.",1,4,19,"3206737"
5,"spotify:track:3p6eieHX6oEOzJStPtEsLu","Calibre 50","Si Te Pudiera Mentir","Calibre",2,5,81,"3059159"
6,"spotify:track:798ahLNEcoFER7Vywg1FMT","Calibre 50","A La Antigüita","Andaluz Music, LLC",1,6,39,"2964177"
7,"spotify:track:6ylDpki1VpIsc525KC1ojF","Sebastian Yatra","Tacones Rojos","UMLE - Latino",7,7,14,"2704100"
8,"spotify:track:55mzJ0LftLnef8sxAjrMkU","Santa Fe Klan, Neto Peña, Yoss Bones","Debo Entender","Rap Trap Records / Alzada Corp",6,8,38,"2665098"
9,"spotify:track:4r9jkMEnArtWGH2rL2FZl0","Bad Bunny","A Tu Merced","Rimas Entertainment LLC",9,16,102,"2660965"
10,"spotify:track:4MzXwWMhyBbmu6hOcLVD49","Bad Bunny, Jhay Cortez","DÁKITI","Rimas Entertainment LLC",1,11,67,"2651586"
11,"spotify:track:3rdAz1fbUfZxYgaCviYhRo","Rauw Alejandro","Todo De Ti","Sony Music Latin/Duars Entertainment",1,12,38,"2595519"
12,"spotify:track:64JzNzcoSZOh3RWeoghVfk","Matisse, Carin Leon","Como Lo Hice Yo","Sony Music México",6,10,22,"2570838"
13,"spotify:track:4H3t8C59tXjKf1R2iKtc5M","Marca MP","Ya Acabo","Marca MP",7,13,46,"2516383"
14,"spotify:track:2vmfvSoZBFAt9hhRoEByLi","Aventura, Bad Bunny","Volví","Rimas Entertainment LLC",3,9,28,"2447428"
15,"spotify:track:6HIIuuUIEzH1meVdGbMXyf","Grupo Firme","Ya Supérame (En Vivo)","Music VIP Entertainment Inc",4,14,26,"2427283"
16,"spotify:track:4hAYQuavbB0FYhyxBTbVal","Alex Luna, DAAZ","Te Marqué Pedo","Worldwide Records",15,15,3,"2426247"
17,"spotify:track:3lGMtkONrZdJ8kTCg6KIFf","Natalia Lafourcade","Hasta la Raíz","RCA Records Label",15,17,120,"2257179"
18,"spotify:track:7rglLriMNBPAyuJOMGwi39","Elton John, Dua Lipa, PNAU","Cold Heart - PNAU Remix","EMI",13,18,25,"2115709"
19,"spotify:track:69vlMrzHwATKzupwNcUPyK","Bad Bunny, Daddy Yankee","La Santa","Rimas Entertainment LLC",5,26,102,"2079893"
20,"spotify:track:6lX6l7OuA3qrnIRfdsr0dw","Blessd, Justin Quiles, Lenny Tavárez","Medallo","WEA Latina",17,19,15,"1999101"
21,"spotify:track:35wvL50xvKpCHEJPxLOLPI","Bad Bunny","Si Estuviésemos Juntos","Rimas Entertainment LLC",21,28,143,"1991821"
22,"spotify:track:0fea68AdmYNygeTGI4RC18","J Balvin, Bad Bunny","LA CANCIÓN","Universal Music Latino / Rimas",1,27,137,"1985865"
23,"spotify:track:3elpkpwYlmUbuvmVps08lJ","Santa Fe Klan, Nanpa Básico","Te Ire A Buscar","Rap Trap Records / Alzada Corp",16,20,46,"1980267"
24,"spotify:track:3HgvO4B5LLmdPOT2d8cSZd","LAGOS, Danny Ocean","Mónaco","WM Mexico",12,23,33,"1957394"
25,"spotify:track:2B4GHvToeLTOBB4QLzW3Ni","Farruko","Pepas","Sony Music Latin",1,21,29,"1931064"
26,"spotify:track:2LJRoFOtMGLnSxJqlJuhge","Gerardo Ortiz","Tranquilito","Sony Music Latin",26,36,25,"1885861"
27,"spotify:track:7E9GeFGfjXw9LAI4ay6rsw","Grupo Firme, Carin Leon","El Tóxico","Music VIP Entertainment Inc",10,22,67,"1884309"
28,"spotify:track:6C1RD7YQVvt3YQj0CmuTeu","Bad Bunny, Ozuna, Farruko, Arcangel, Ñengo Flow, DJ Luian, Mambo Kingz","Diles","Rimas Entertainment LLC",28,31,100,"1873191"
29,"spotify:track:0ldT3gl7aGNzrJyd4b1CA4","Grupo Firme, Lenin Ramírez","En Tu Perra Vida","Music VIP Entertainment Inc",19,25,37,"1858478"
30,"spotify:track:2MnLkFqY9Rpg9s3Zv6ZJdK","Gera MX, Christian Nodal","Botella Tras Botella","Virgin Music México",1,29,42,"1853143"
31,"spotify:track:41wtwzCZkXwpnakmwJ239F","Bad Bunny","Si Veo a Tu Mamá","Rimas Entertainment LLC",1,32,102,"1807603"
32,"spotify:track:4HzqWEdAbzcVFDv0pvxV4w","Maluma","Sobrio","Sony Music Latin",7,30,31,"1803390"
33,"spotify:track:5BE9B2FiFWBbBdoIQ1m1UP","Grupo Firme, Maluma","Cada Quien","Music VIP Entertainment Inc",8,24,10,"1801151"
34,"spotify:track:3pQYf90V5idOGrXzosm9rt","Junior H","Se Amerita","WEA Latina",20,37,30,"1755708"
35,"spotify:track:5W1qmxHrMlQGGAiFA3ZQqP","Dímelo Flow, Dalex, Sech, Justin Quiles, Arcangel, De La Ghetto, Lenny Tavárez","Se Le Ve","Rich Music",31,33,9,"1735719"
36,"spotify:track:4OwhwvKESFtuu06dTgct7i","Marc Seguí, Rauw Alejandro, Pol Granch","Tiroteo - Remix","WEA Latina",10,35,33,"1690026"
37,"spotify:track:2n7ohqg1s68ToAHh4u9mcW","Bad Bunny","Vete","Rimas Entertainment LLC",1,43,116,"1684354"
38,"spotify:track:1xO7tp4J5Wj0NeKrzIpd1V","Christian Nodal, Banda MS de Sergio Lizárraga","La Sinvergüenza","Producciones Ladon, S.A de C.V.",5,34,20,"1657947"
39,"spotify:track:05bfbizlM5AX6Mf1RRyMho","Nio Garcia, J Balvin, Bad Bunny","AM Remix","Flow La Movie",3,38,33,"1646227"
40,"spotify:track:5RubKOuDoPn5Kj5TLVxSxY","Bad Bunny","TE MUDASTE","Rimas Entertainment LLC",4,45,63,"1636625"
41,"spotify:track:1mSviQV9iQnGSRyvTIuxAj","Alvaro Diaz, Rauw Alejandro","Problemón","UMG Recordings, Inc./Universal Music Latino",30,39,6,"1633452"
42,"spotify:track:0akyEssGRVHstqCSWXusJL","Ed Maverick","Fuentes de Ortiz","Universal Music Mexico",21,41,161,"1631024"
43,"spotify:track:5J7teKIJGtqVypgYI6sqXj","Bad Bunny, Mora","Una Vez","Rimas Entertainment LLC",30,47,85,"1620797"
44,"spotify:track:4NQa7zNbJtY2QvnGpzM8Gz","Código FN","Soy El Ratón","Al Millon Music",44,62,2,"1611967"
45,"spotify:track:0G2zPzWqVjR68iNPmx2TBe","Mora, Bad Bunny, Sech","Volando - Remix","Rimas Entertainment LLC",7,40,31,"1599040"
46,"spotify:track:6Yard5LK4aXEn0kBKtHSob","Grupo Firme, Grupo Recluta","Se Fue La Pantera (En Vivo)","Music VIP Entertainment Inc",28,42,14,"1543422"
47,"spotify:track:2ytQws1jfyFcY2K2MDUfzd","Los Lara","Fumando Mota","Serca",47,108,4,"1519100"
48,"spotify:track:64ImcY4fJhY243wr20SR3e","Calibre 50, Santa Fe Klan, Beto Sierra","Cuidando El Territorio","BS Music",15,46,28,"1510704"
49,"spotify:track:7gaovXojjqfn276uZR0omT","La Factoria","Todavia","La Factoria",49,102,96,"1460036"
50,"spotify:track:2b5Worm8h9yAJOw2jc4zZp","Kenia OS, Snow Tha Product","Joder","Sony Music México",50,-1,1,"1446270"
51,"spotify:track:1s59X35jDULAyOGmBuTAnd","Lenin Ramírez, Grupo Firme","Yo Ya No Vuelvo Contigo - En Vivo","DEL Records",24,44,114,"1428095"
52,"spotify:track:4R8BJggjosTswLxtkw8V7P","Jhay Cortez, J Balvin, Bad Bunny","No Me Conoce - Remix","N&E Entertainment LLC",3,51,143,"1405257"
53,"spotify:track:2XIc1pqjXV3Cr2BQUGNBck","Bad Bunny, ROSALÍA","LA NOCHE DE ANOCHE","Rimas Entertainment LLC",3,48,63,"1397928"
54,"spotify:track:655JkvIwu2rDCaD1hPf04g","Sebastian Yatra, Myke Towers","Pareja Del Año","UMLE - Latino",4,49,43,"1329530"
55,"spotify:track:3XjRIN9vEt35lm1iStPcgq","Santa Fe Klan, Big Soto, Neto Peña","Todo Va a Estar Bien","473 Music",27,50,32,"1319582"
56,"spotify:track:0bI7K9Becu2dtXK1Q3cZNB","Tiësto, KAROL G","Don't Be Shy","Atlantic Records",17,54,26,"1288945"
57,"spotify:track:4vCAzANUWDE24URV6wQ4ra","Bad Bunny","Otra Noche en Miami","Rimas Entertainment LLC",57,60,53,"1283114"
58,"spotify:track:0z5yLgBmAtaylDYrgwzlpH","Leo Rizzi","Amapolas","WM Spain",33,53,27,"1282717"
59,"spotify:track:20on25jryn53hWghthWWW3","ACRAZE, Cherish","Do It To It","Thrive Music, LLC",55,55,11,"1253079"
60,"spotify:track:26QApq0cuO9brJigr0C0W4","Bad Bunny","HACIENDO QUE ME AMAS","Rimas Entertainment LLC",5,61,62,"1248230"
61,"spotify:track:6D2TCm4nf5nxAcdGJ7w3QP","J Balvin, Maria Becerra","Qué Más Pues?","Sueños Globales, LLC",3,56,37,"1241408"
62,"spotify:track:6OpRwk4F7sD8lcNwQdekpO","Luis Alfonso Partida El Yaki, Grupo Firme","Dile a Tu Orgullo - En Vivo","Lap Records Inc",62,113,2,"1239467"
63,"spotify:track:6NfrH0ANGmgBXyxgV2PeXt","Bad Bunny","La Difícil","Rimas Entertainment LLC",3,71,91,"1233839"
64,"spotify:track:46IZ0fSY2mpAiktS3KOqds","Adele","Easy On Me","Columbia",4,58,17,"1232132"
65,"spotify:track:2BEcap3xJtmiPaHKyfQi4e","Rvssian, Rauw Alejandro, Chris Brown","Nostálgico","Sony Music Latin",36,63,21,"1229759"
66,"spotify:track:4bF2y8rR7GUjrd5LNEvej3","Ingratax","París","Room28",7,65,31,"1221212"
67,"spotify:track:4TGwERXRlyQtBdggYTHo6j","Tiago PZK, LIT killah, Maria Becerra, Nicki Nicole","Entre Nosotros (Remix) [con Nicki Nicole]","WEA Latina",31,57,5,"1195805"
68,"spotify:track:6ifUES3keWjwXgae8pXI3o","Danny Ocean","Me Rehúso","Atlantic Records",1,74,263,"1189841"
69,"spotify:track:2TH65lNHgvLxCKXM3apjxI","Bad Bunny, Tainy","Callaita","Rimas Entertainment LLC",1,69,141,"1186928"
70,"spotify:track:0cOa970mzTWAxKtltpkpLc","TINI, Maria Becerra","Miénteme","Sony Music Latin",20,64,36,"1182383"
71,"spotify:track:1HhNoOuqm1a5MXYEgAFl8o","Imagine Dragons, JID, Arcane, League of Legends","Enemy (with JID) - from the series Arcane League of Legends","KIDinaKORNER/Interscope Records",38,66,13,"1159244"
72,"spotify:track:5QKk5N5xJQGsWMhPM80Kfv","Carolina Gaitán - La Gaita, Mauro Castillo, Daniela Sierra, Juanse Diez, Isabel Garcés, Olga Lucía Vives, Encanto - Elenco","No se habla de Bruno","Walt Disney Records",72,77,5,"1156865"
73,"spotify:track:1yoMvmasuxZfqHEipJhRbp","Maluma","Hawái","Sony Music Latin",1,76,80,"1143412"
74,"spotify:track:23XjN1s3DZC8Q9ZwuorYY4","Bad Bunny","TE DESEO LO MEJOR","Rimas Entertainment LLC",7,70,15,"1141496"
75,"spotify:track:4OVpyR6yhYyVoRj9D7CERz","Banda MS de Sergio Lizárraga, Carin Leon","Ojos Cerrados","Lizos Music",44,52,5,"1135281"
76,"spotify:track:4fouWK6XVHhzl78KzQ1UjL","GAYLE","abcdefu","Atlantic/Arthouse Records",59,67,11,"1118726"
77,"spotify:track:1oLp4xkeNCxjMy4glz0vbL","Mario Bautista","Brindo","WM Mexico",76,81,11,"1118311"
78,"spotify:track:6j5LtifAnuTjTYvml61yFZ","Vicente Fernández","Un Millón de Primaveras","Columbia",29,82,9,"1117718"
79,"spotify:track:5PjdY0CKGZdEuoNab3yDmX","The Kid LAROI, Justin Bieber","STAY (with Justin Bieber)","Columbia",7,73,31,"1113056"
80,"spotify:track:15yuvKhcoEtV5KwKxqHSwa","Cartel De Santa, Millonario","Burbujas de Cristal","Babilonia Music, S.A. De C.V.",65,72,28,"1111688"
81,"spotify:track:78QcVmzxS0wIwuC2rpAauI","Rauw Alejandro, Mr. Naisgai","2/Catorce","Sony Music Latin/Duars Entertainment",6,88,41,"1106872"
82,"spotify:track:6W8zkOCzjmRkc1E3JR3mBF","Fuerza Regida","Descansando","Rancho Humilde",54,86,16,"1093108"
83,"spotify:track:3NqBxTOMCJ3zW9CIP51td4","Eslabon Armado, DannyLux","Jugaste y Sufrí","DEL Records",33,75,25,"1090093"
84,"spotify:track:1nLs8r6K4YN0avBwUmmTnr","Carin Leon","Tú","Tamarindo Rekordsz",14,68,89,"1084850"
85,"spotify:track:2sUknbm8xdLQgH7wb8xcTX","Lefty Sm, Santa Fe Klan","Por Mi México","Rap Trap Records / Alzada Corp",52,83,37,"1084314"
86,"spotify:track:4HYDUMY0xSpeBr0AMY9cUz","Jay Wheeler, DJ Nelson, Myke Towers","La Curiosidad","Linked Music / Dynamic Records / EMPIRE",6,90,85,"1074592"
87,"spotify:track:4knc1Fp3kbuq8bH2byOvLu","Camilo, Evaluna Montaner","Índigo","Sony Music Latin",6,79,17,"1071395"
88,"spotify:track:50pkO56KXHoH53sVPRSbZ3","El Fantasma","El Bélico","Afinarte Music",56,80,31,"1069790"
89,"spotify:track:7KNSQcLwrl3bNEuV1OVHtv","Luis R Conriquez","Me Metí En El Ruedo","Kartel Music",83,94,16,"1059832"
90,"spotify:track:4O2bxKTnK9En7OPw8kGDDF","Los Del Limit","Amor Fugaz","DEL Records",67,98,32,"1055520"
91,"spotify:track:6VuUMo1TusnqBxLTnr3hOI","León Larregui","Brillas","EMI México",43,92,268,"1046324"
92,"spotify:track:2tFwfmceQa1Y6nRPhYbEtC","Jhay Cortez, Bad Bunny","CÓMO SE SIENTE - Remix","N&E Entertainment LLC",26,107,92,"1042199"
93,"spotify:track:6sRaqq9SYsSTPvrWkL1sRy","Mi Banda El Mexicano","Ramito De Violetas","Craft Recordings",36,106,104,"1040093"
94,"spotify:track:6nyl8kugrRsjzvpFhvw4hE","Los 2 de la S","Es Que Me Gustas - En Vivo","Lizos Music",77,87,13,"1038752"
95,"spotify:track:2gQPv5jvVPqU2a9HhMNO1v","BoyWithUke","Toxic","Republic Records",64,89,16,"1027729"
96,"spotify:track:4xbMF8jx0msGGgrtJaAuXE","Millonario & W. Corona, Cartel De Santa","Éxtasis","RCA Records Label",78,101,30,"1023369"
97,"spotify:track:7MmrcXVA7A5zZ2CbDuGHNa","Rels B","A Mí","ILoveRibs! / MÉCÈN Ent.",68,96,155,"1023096"
98,"spotify:track:2DEZmgHKAvm41k4J3R2E9Y","Bad Bunny, Jowell & Randy, Ñengo Flow","Safaera","Rimas Entertainment LLC",1,104,102,"1016099"
99,"spotify:track:46HNZY1i7O6jwTA7Slo2PI","Coldplay, BTS","My Universe","Parlophone UK",12,95,20,"1004140"
100,"spotify:track:7kjEqI6eZ7YlFrGhxixnlN","Bad Bunny","ANTES QUE SE ACABE","Rimas Entertainment LLC",20,84,16,"1002918"
101,"spotify:track:3T0DeQvOtdqd7Yo3t2Ig3N","La Santa Grifa","Amnesia","Vende Music",68,109,29,"998996"
102,"spotify:track:38RIEav39FGi86jppxO0du","Bad Bunny, Sech","Ignorantes","Rimas Entertainment LLC",2,110,82,"995848"
103,"spotify:track:2TzkIzgzIHhewMxyh1u4hh","Kevin Kaarl","Vámonos a Marte","Kevin Kaarl",87,127,62,"994509"
104,"spotify:track:0tKl8ZVM6xJkhznvJAS3Nq","Junior H","Ella","Rancho Humilde",43,103,108,"991552"
105,"spotify:track:5Wvw29RKTFSK0IuCd2qs4m","Santa Fe Klan","Así Soy","Rap Trap Records / Alzada Corp",69,97,25,"989334"
106,"spotify:track:7dT9D6117e5DbhnKxDLNW9","Kevin Kaarl","Colapso","Kevin Kaarl",106,134,37,"982214"
107,"spotify:track:0vtYnEw1eJwW26BrBnOAYJ","Banda MS de Sergio Lizárraga","La Casita","Lizos Music",36,100,56,"981797"
108,"spotify:track:1o1O7nDie7zzsdHKZxhgQD","Siddhartha","00:00","Sony Music México",93,93,2,"977304"
109,"spotify:track:26w9NTiE9NGjW1ZvIOd1So","Bad Bunny","BOOKER T","Rimas Entertainment LLC",10,120,42,"975181"
110,"spotify:track:1hHnCReCPe1FUkGLTeuCaC","Fuerza Regida","Me Acostumbre A Lo Bueno","Rancho Humilde",110,131,5,"974270"
111,"spotify:track:1FlL8ycld6uVDDyhV7P5FA","Rauw Alejandro","Cúrame","Sony Music Latin/Duars Entertainment",24,91,27,"967257"
112,"spotify:track:5iBBLeUl4UfynWgcJWVGsU","Virlan Garcia","Híbrido","Sony Music México",96,121,19,"963285"
113,"spotify:track:3viZLBs5sOsNFL9JMfuqZN","Grupo Los de la O","El Fat Tony","Manzana Records, Inc.",113,140,4,"959117"
114,"spotify:track:1uKjQoh8JZj9ryuYRhpd7E","Luis Miguel","Ahora Te Puedes Marchar","WM Mexico",21,124,268,"957155"
115,"spotify:track:29gcdJL6O6K11Z4eV8Qhk6","Ramon Vega","Tírame Un Hello","Sony Music Latin",84,99,6,"955043"
116,"spotify:track:5c4KBG3ATUOmP8y2KHGGoI","Maluma","Cositas de la USA","Sony Music Latin",72,85,3,"949546"
117,"spotify:track:0VjIjW4GlUZAMYd2vXMi3b","The Weeknd","Blinding Lights","Republic Records",2,116,115,"949226"
118,"spotify:track:7xLYLM5K6S1TwiSdfuhZQg","Gera MX, Rels B","Se Me Olvidó","Rich Vagos Entertainment",6,115,28,"942044"
119,"spotify:track:29FljZjbNMcXlHAf2lKHbR","Santa RM, Franco Escamilla","Mucho para Mí","Santa RM",75,111,5,"936041"
120,"spotify:track:5IdyvWCaUa7AgTxMsFj0wB","Grupo Los de la O","Fuga Pa Cali 2","Manzana Records, Inc.",120,-1,1,"934727"
121,"spotify:track:3MdhvQ8BprBhd4lYlgtPt2","Tito Torbellino Jr","El Vago De Los Nike","Torbellino Legacy",121,-1,1,"931451"
122,"spotify:track:5hRFjooNvZWb9gdnXjrv2j","Grupo Firme, Grupo Recluta","Hablando Claro (En Vivo)","Music VIP Entertainment Inc",66,126,25,"927120"
123,"spotify:track:78kygHp1dvW1kncYjBgbe1","Ryan Castro","Mujeriego","Sony Music Entertainment",123,137,2,"924127"
124,"spotify:track:5Z9KJZvQzH6PFmb8SNkxuk","Lil Nas X, Jack Harlow","INDUSTRY BABY (feat. Jack Harlow)","Columbia",39,117,28,"921358"
125,"spotify:track:6DoeuCz4P0NmD4aCghjgpf","Santa Fe Klan, MC Davo","Callejera","Cuatro Siete Tres Music",78,78,2,"920591"
126,"spotify:track:4NUt1fcnO9aQAELBgXq3Kr","Alejandro Fernández","Me Dediqué a Perderte","Columbia",73,133,268,"918098"
127,"spotify:track:2f0Ft2XdvNSMSY5TUlZgEz","Pablo Alborán","Saturno","WM Spain",24,128,64,"917792"
128,"spotify:track:2J3oaXTqKjGGHCOQLeBnBA","ROSALÍA","SAOKO","Columbia",128,-1,1,"915544"
129,"spotify:track:1kjs5eR4DMzyB0gm1Z8waV","Trueno","DANCE CRIP","NEUEN",35,112,12,"915174"
130,"spotify:track:7iHHlCbsFou5DZSW5HCPfs","Boza, Lunay, Lenny Tavárez, Juhn, Beéle","Ella - Remix","Sony Music Latin",111,123,10,"913733"
131,"spotify:track:6w8yBI2vthyN9UnwO4UBWb","Tiago PZK, LIT killah","Entre Nosotros","WM Chile",18,118,31,"912897"
132,"spotify:track:5HpXH64cSBNu26yhw3vK37","Carin Leon, Conjunto Primavera","El Amor De Tu Vida","Tamarindo Rekordsz",82,139,75,"906899"
133,"spotify:track:1WvrDdouh6C51In1SdATbq","KAROL G","BICHOTA","UMLE - Latino",2,132,68,"904645"
134,"spotify:track:2XlGKZNMkRKvEJsbwQ6MCl","Grupo Firme, Grupo Codiciado","Gracias - En Vivo","Music VIP Entertainment Inc",45,125,45,"899853"
135,"spotify:track:4DdnffqoFr9wDRlCACNmGf","Natanael Cano, Oscar Maydon","Porte Exuberante","WEA Latina",12,119,37,"896060"
136,"spotify:track:704LUEih663hiE3CnyUrFW","KAROL G","SEJODIOTO","UMLE - Latino",34,129,20,"889765"
137,"spotify:track:1Wrzhfa5bNlqvsnCztz190","Hombres G","Devuélveme a mi chica","WM Spain",72,146,233,"883301"
138,"spotify:track:3p2KYoBgxUaaoJzXUToM8a","Cartel De Santa","Todas Mueren por Mí","Ariola",78,135,36,"881952"
139,"spotify:track:4j4w4CXm6BSr0s25wAWrrX","Bad Bunny, Yaviah","Bichiyal","Rimas Entertainment LLC",16,157,26,"879644"
140,"spotify:track:0pi1spZ3Upm2gXb1OVDq5y","Grupo 360","La Barda","Grupo 360",121,143,10,"877208"
141,"spotify:track:1trAoZKkvVjuuQpUzTI6KV","Fuerza Regida, Luis R Conriquez, Calle 24","Los Mire Con Talento","Rancho Humilde",117,145,9,"876846"
142,"spotify:track:3KJ3opyV29269SXkPrc19l","Bad Bunny","120","Rimas Entertainment LLC",24,141,9,"875808"
143,"spotify:track:30eHHpkjMNqb2F0V8nXjbJ","Conjunto Rienda Real","Nadie Va A Pensar En Ti Mejor Que Yo","Elegante Records",124,147,6,"874558"
144,"spotify:track:5UlnuulVAVmmesw4VzqHdG","Imagine Dragons, Arcane, League of Legends","Enemy - From the series Arcane League of Legends","KIDinaKORNER/Interscope Records",98,130,9,"868192"
145,"spotify:track:6b68vfUlXy2i2dO79z3h5W","Luis Angel ""El Flaco""","Y Si Se Quiere Ir","LAR Music",145,154,4,"865554"
146,"spotify:track:6srBp90EwADKAF7PorGiUC","Adolescent's Orquesta","Virgen","KORTA RECORDS",139,144,19,"865215"
147,"spotify:track:3ahvKiNH7l6EpnTnzkZpG1","Carin Leon","Me La Avente","Tamarindo Rekordsz",27,152,140,"859439"
148,"spotify:track:4ZplewvZRLFcfBa5uyBbhd","Cardenales De Nuevo León","Belleza De Cantina","Universal Music Mexico",65,162,127,"859410"
149,"spotify:track:7hynhxDoDpgMIV12JuVtNa","J Balvin, Bad Bunny, Marciano Cantero","UN PESO","Universal Music Latino / Rimas",24,149,72,"858509"
150,"spotify:track:4nbWX2HzrOEnX4xxvYRCyU","El Fantasma, Los Dos Carnales","Cabrón y Vago - En Vivo","Afinarte Music",17,136,79,"856420"
151,"spotify:track:73aNc2V32NpepB8lLhnDjW","Jovanny Cadena Y Su Estilo Privado","El Final de Nuestra Historia","SB Mex",151,-1,1,"854138"
152,"spotify:track:3GSMdtJphymHEsR8K9jT5Q","León Larregui","Locos","Universal Music Mexico",56,153,211,"845209"
153,"spotify:track:0SqqAgdovOE24BzxIClpjw","Bad Bunny","Yo Perreo Sola","Rimas Entertainment LLC",1,156,77,"841803"
154,"spotify:track:2g12ZAzSIybDe6QC3w9DYl","Grupo Marca Registrada","El Doctor","RB Music",152,160,11,"829999"
155,"spotify:track:06IceO7e9isF3nX3y7dOTe","Lupillo Rivera, Aleman, Santa Fe Klan, Snoop Dogg, B-Real","Grandes Ligas","Prajin Parlay / Z Records",20,148,39,"821517"
156,"spotify:track:587p8shYuTXUhThG3t9x60","Los Tucanes De Tijuana","El Amor Soñado","Master Q Music",113,158,27,"815570"
157,"spotify:track:3D3W7rDsuJIAtjInwh6Moc","Luis Angel ""El Flaco"", Grupo Firme","Hasta la Miel Amarga (feat. Grupo Firme)","LAR Music",76,142,60,"813716"
158,"spotify:track:3DarAbFujv6eYNliUTyqtz","Doja Cat, SZA","Kiss Me More (feat. SZA)","Kemosabe Records/RCA Records",19,150,43,"809696"
159,"spotify:track:6Uj1ctrBOjOas8xZXGqKk4","Doja Cat","Woman","Kemosabe Records/RCA Records",38,161,28,"798099"
160,"spotify:track:1l77YWrGUp3qX3NS1rz7lq","Banda MS de Sergio Lizárraga","El Color de Tus Ojos","Lizos Music",24,165,226,"793952"
161,"spotify:track:3JCaq3KDSROg3TXhdiDa9n","Jhay Cortez, Anuel AA","Ley Seca","N&E Entertainment LLC",37,164,23,"792938"
162,"spotify:track:66x45Yh9x397PWpxMX0ZDT","J Balvin, Dua Lipa, Bad Bunny, Tainy","UN DIA (ONE DAY)","Sueños Globales, LLC",4,159,81,"792571"
163,"spotify:track:25ZAibhr3bdlMCLmubZDVt","J Balvin, Bad Bunny","QUE PRETENDES","Universal Music Latino / Rimas",6,186,73,"792052"
164,"spotify:track:00jpfco62YfQj1BBYCCuKH","Cartel De Santa","Leve","Babilonia Music, S.A. De C.V.",25,163,185,"791894"
165,"spotify:track:4gvrJnKCKIPiacNsWVQwEU","CKay, Dj Yo!, AX'EL","love nwantiti (feat. Dj Yo! & AX'EL) - Remix","WM South Africa",20,155,21,"790694"
166,"spotify:track:3PfIrDoz19wz7qK7tYeu62","Dua Lipa","Don't Start Now","Warner Records",8,171,119,"787131"
167,"spotify:track:4skuEIloXWuxxgekKupkEH","Mon Laferte","Tu Falta De Querer","Universal Music Mexico",52,180,128,"785672"
168,"spotify:track:5QO79kh1waicV47BqGRL3g","The Weeknd","Save Your Tears","Republic Records",5,170,54,"783395"
169,"spotify:track:1Z0auW1yEy6Dq9hsRdeIV3","El Fantasma","Soy Buen Amigo","Afinarte Music",130,176,14,"782344"
170,"spotify:track:5LxtXRqA2i3LBWdJiqE91O","Gera MX, Jayrick, Ervin River","Complicado","INZ Records",39,173,8,"781359"
171,"spotify:track:16ONd70tvWAaLIc6hcLzaG","Christian Nodal","Aquí Abajo","Universal Music Mexico",6,168,83,"780427"
172,"spotify:track:7A07Yu1dRND3RKDzbhKrDs","Intocable","Fuerte No Soy","Capitol Latin",97,196,73,"779518"
173,"spotify:track:0aZnyTWJNgdzYoOiaW8HKG","KAROL G","200 COPAS","UMLE - Latino",47,-1,24,"778886"
174,"spotify:track:68QcquxCS39cQGTsRrJWIR","Bad Bunny","Amorfoda","Rimas Entertainment LLC",1,177,39,"777729"
175,"spotify:track:7Bk0uXKk1uPT0XuQbpFzvs","Los Legendarios, Wisin, Jhay Cortez","Fiel","La Base Music Group/ WK Records",1,167,52,"776374"
176,"spotify:track:37BZB0z9T8Xu7U3e65qxFy","The Weeknd, Ariana Grande","Save Your Tears (with Ariana Grande) (Remix)","Republic Records",19,175,42,"776164"
177,"spotify:track:1quaoU1wjFHLkDXC3bNghk","Luis R Conriquez","El Buho","Kartel Music",151,190,15,"775023"
178,"spotify:track:6F9yAYUaNbUhdlQyt5uZ3b","Luis Miguel","La Incondicional","WEA Latina",26,188,201,"773503"
179,"spotify:track:1iRvhKiXRElIH2Uf4gd95P","Jesse & Joy","Dueles","WM Mexico",43,172,68,"771436"
180,"spotify:track:6ohTBTmcNHe9UzvxAgA9wJ","Lauri Garcia","Miel","GodKing Records",180,187,2,"766558"
181,"spotify:track:6vPAmoERUMRoTZaCCSWQ12","Luis Miguel","Hasta Que Me Olvides","WEA Latina",11,195,113,"765669"
182,"spotify:track:1lV3QHHMAQt0Kc1ioZq2MP","Rauw Alejandro","Sexo Virtual","Sony Music Latin/Duars Entertainment",29,191,33,"764754"
183,"spotify:track:2JJSGhPpATm8lXeYjD95fw","Bobby Pulido","Desvelado","Capitol Latin",118,-1,56,"763742"
184,"spotify:track:5jW3rF4URMdK7tO2xjS5EI","Paulo Londra","Tal Vez","WEA Latina",2,193,148,"760334"
185,"spotify:track:5jzEwSyyymBlf1fa1o39T2","Mora, Jhay Cortez","512","Rimas Entertainment LLC",18,178,41,"760199"
186,"spotify:track:0b53GyMOfBCt5L6bh0CH3f","Flans","Las Mil Y Una Noches","Universal Music Mexico",168,199,10,"758220"
187,"spotify:track:2FSGUA0gFgGeQdprjtGM2M","KAROL G, Mariah Angeliq","EL MAKINON","UMLE - Latino",7,184,46,"753824"
188,"spotify:track:6tDDoYIxWvMLTdKpjFkc1B","Kali Uchis","telepatía","EMI / Interscope",1,181,52,"753732"
189,"spotify:track:3pm4XtcsRIFFtH2UErk62R","Yandel, Bad Bunny","CANCIÓN CON YANDEL","Rimas Entertainment LLC",12,182,33,"752949"
190,"spotify:track:2MxHuZWC99rsELX9SrCW7K","Wisin, Camilo, Los Legendarios","Buenos Días","Sony Music Latin",98,151,4,"751155"
191,"spotify:track:6Pur3hWy6Nzc27ilmsp5HA","Los Enanitos Verdes","Lamento Boliviano","EMI Latin",84,-1,180,"750432"
192,"spotify:track:2MeEuwplwbbjZ7hxRI6viw","Grupo Firme, Marca MP","El Güero (Feat. Marca MP)","Music VIP Entertainment Inc",47,166,112,"746367"
193,"spotify:track:5bP1RCdGcUxkwASwKAbPHa","La Fiera de Ojinaga","No Paras de Hacerme Feliz","Azteca Records, LLC",184,-1,3,"744118"
194,"spotify:track:3Kkjo3cT83cw09VJyrLNwX","Adele","Oh My God","Columbia",44,174,7,"741843"
195,"spotify:track:3lR4O0vtkhCAvVEUEWUL0S","Piso 21, Christian Nodal","Pa' Olvidarme De Ella","WM Mexico",6,185,127,"739740"
196,"spotify:track:1qfoq1qvZT7VwDVeekCJ97","Christian Nodal","De Los Besos Que Te Di","Universal Music Mexico",17,198,148,"735711"
197,"spotify:track:6UelLqGlWMcVH1E5c4H7lY","Harry Styles","Watermelon Sugar","Columbia",28,183,93,"734774"
198,"spotify:track:5MyEACD2kRFeh231Z6FkdE","Cartel De Santa","Bombos y Tarolas","RCA Records Label",93,194,27,"734185"
199,"spotify:track:4uP3pUP18ennmz0tb3GphR","Bad Bunny","Solo de Mi","Rimas Entertainment LLC",23,-1,28,"731731"
200,"spotify:track:0R7DSnSibvuE4PEHqUayqf","Plan B","Es un Secreto","Pina Records",200,-1,1,"730622"
